driverId,name,ssn,location,certified,wage-plan
10,Victoria Thompson,158-70-2005,"2253 Rose Ferry Suite 248
Barbaramouth, GU 68154",N,hours
11,Ashley Thomas,876-48-6426,"5542 Cynthia Plaza Apt. 968
Sarahtown, DC 79881",Y,hours
12,Todd Hamilton,773-89-6019,"33129 Adam Knolls
North Ricardo, AL 57733",N,hours
13,Stacey Orozco,563-37-6698,"3499 Carrie Brook Apt. 604
Baldwinfurt, OH 14034",Y,hours
14,Robert Powers,748-98-7778,"Unit 5756 Box 9943
DPO AA 82716",Y,hours
15,Lee Davis,727-66-5398,"79453 Elizabeth Spring
Kaitlynton, PA 82754",N,miles
16,Jacob Branch,462-06-7323,"USNV Williams
FPO AA 57897",N,miles
17,Matthew Warner,859-32-8090,"USCGC Reyes
FPO AP 37251",N,miles
18,Allen Miller,758-64-5119,"4580 Albert Square
Adamsview, OR 46180",Y,miles
19,Marcus Case,856-63-0836,"00979 Jenkins Springs
Danielsport, AS 53904",Y,miles
20,Anthony Turner,093-52-8404,"Unit 3946 Box 5484
DPO AP 34917",N,miles
21,Edward Gardner,027-61-3141,"82689 Weaver Trail
South Derrick, SC 31186",N,miles
22,Timothy White,338-87-3038,"59044 Nguyen Loaf
West Rosestad, NE 46086",Y,miles
23,Richard Jordan,339-40-8293,"28287 Erik Loop
Michaelfurt, NC 63619",N,miles
24,Krista Hernandez,029-03-4731,"7445 Davies Estate
Frankchester, AR 31053",Y,hours
25,Jesse Henry,886-76-2681,"20855 Rebecca Port Apt. 837
Lake Dillon, MD 47768",N,hours
26,Thomas Joseph,599-54-5070,"02987 Holt Isle Apt. 678
Lake Davidside, PA 92474",Y,hours
27,Dorothy Rogers,381-47-4240,"786 Brandon Extensions
Joelchester, TN 70402",N,miles
28,Victor Hicks,347-05-2589,"54684 Joseph Ford
North Sethberg, HI 18681",Y,miles
29,Amy Ortiz,799-38-1360,"05760 Butler Square
East Christopher, AK 16051",Y,miles
30,Kim Parrish,837-36-6756,"7600 Deborah Street
Donnabury, WV 91228",N,hours
31,Jodi Munoz,139-60-5922,"629 Holland Row Apt. 646
Garciaton, GA 34182",N,hours
32,Marcus Dalton,412-37-9652,"831 Penny Ville Apt. 506
West Peter, AK 23171",Y,miles
33,Cynthia Johnston,746-68-2252,"3726 Pamela Ville
Lake Danielbury, SD 99851",Y,hours
34,John Beasley MD,712-82-1934,"Unit 1648 Box 4164
DPO AE 23037",Y,miles
35,Joseph Bush,498-38-0480,"47344 Melissa Isle
East Gregoryberg, VT 13654",N,hours
36,Zachary Perez,537-41-9870,"4399 Roberts Groves
East Laurachester, IN 20048",N,miles
37,Vincent Dunn,433-05-4224,"Unit 1895 Box 2439
DPO AP 35681",Y,miles
38,Pamela Robbins,570-49-4217,"42295 Hicks Field Apt. 322
Jasonland, MI 32620",N,miles
39,Samantha Sandoval,844-46-9542,"86631 Spencer Center Suite 091
Swansonbury, ME 04300",Y,miles
40,Kenneth Crosby,236-86-7050,"34820 Little Lodge
Amyton, AZ 26731",N,miles
41,Samuel Butler,174-15-9954,"47785 Garcia Dale Suite 835
South James, WY 61433",Y,miles
42,Brittney Young,740-45-6280,"7905 Dawn Valley Apt. 476
Port Tina, RI 46290",N,miles
43,Jennifer Grant,369-60-9602,"66151 Davis Mission
Jonesstad, MN 08204",N,miles
44,Gabriela Davis,173-93-6649,"578 Perkins Freeway
South Karen, SC 13122",Y,hours
45,Kathy Parker,142-90-3874,"0648 Pruitt Land
Catherinemouth, MS 32897",N,miles
46,Caleb Davis,084-38-8910,"PSC 4293, Box 0428
APO AP 09069",Y,miles
47,Andrea Martinez,884-93-7881,"445 Smith Alley Suite 779
Lake Erica, SD 19127",Y,miles
48,Susan Clarke,490-47-6362,"85237 Daniel Course
Cuevasberg, AS 56383",Y,hours
49,Brian Ward,406-87-1701,"05667 Eric Branch
North Robinmouth, SC 17829",N,miles
50,Joshua Cook,460-11-2026,"2673 Nicholson Stravenue
Lisaport, NE 14857",Y,hours
51,Kimberly Perry,878-43-7959,"298 Cheryl Ford Apt. 325
New Mark, NH 06373",N,hours
52,Cheryl Alvarez,535-48-8421,"PSC 3359, Box 9774
APO AA 94015",Y,hours
53,Marie Logan,071-16-4227,"02019 George Lodge
West Shelialand, MO 69554",Y,hours
54,Molly Johnson,870-33-9243,"949 Berg Via
New Taylor, PW 77800",N,hours
55,Willie Smith,053-76-0751,"36824 Whitney Overpass
New Williamland, MH 30111",Y,hours
56,Scott Villa,839-47-5985,"Unit 1926 Box 4534
DPO AP 20436",N,miles
57,Jennifer Jensen,772-66-2275,"73472 Mary Meadow Suite 950
Sharonfort, MH 58756",Y,miles
58,Stephanie Jefferson,550-50-9802,"433 Rhonda Plaza
Port Alicia, PW 65680",Y,miles
59,Alyssa Bray,268-67-8104,"938 Burgess Stravenue Apt. 643
Taylorview, RI 51367",Y,miles
60,Bethany Moreno DDS,136-55-4798,"452 Kelsey Row
Billytown, ID 17678",Y,miles
61,Heather Burns,276-64-0073,"006 Sara Pine Apt. 106
Lake Steven, MO 32964",Y,miles
62,Carrie Ross,825-67-2369,"90261 Aaron Key
Staceyborough, OR 30628",Y,hours
63,Andrew Montes,563-59-0662,"961 Anthony Islands
East Cameron, MT 40414",Y,miles
64,Daniel Davidson,869-48-9259,"107 Melton Mount Apt. 438
Alistad, MO 80883",Y,miles
65,Travis Nunez,664-60-3803,"86306 Roberson Courts
Corymouth, NH 83744",N,hours
66,Tara Diaz,034-30-2168,"75161 Ferguson Lake Apt. 152
East Angelaton, NE 86708",Y,hours
67,Mr. Brandon Gutierrez MD,488-19-9399,"17883 Castro Camp
Port Davidton, NE 32041",Y,miles
68,Hannah Walker,689-03-1089,"73280 Craig Mountain Apt. 972
Gillview, ND 88663",Y,hours
69,Stacy Hess,795-30-3375,"43609 Ross Falls
East Johnathan, VA 13835",Y,miles
70,Dawn Hogan,684-98-1830,"91243 Wendy Springs
Mercadoberg, IL 60771",N,hours
71,Todd Aguilar,514-16-9204,"6242 Denise Heights
Westberg, MT 42841",N,miles
72,Angel Sutton,664-19-9912,"4152 Nichols Villages
New Adamville, MA 61956",Y,hours
73,Matthew Taylor,180-67-7074,"038 Gomez Island Suite 423
Davidview, NC 65385",Y,hours
74,Jacqueline Brooks,697-90-4013,"985 Hailey Avenue Suite 483
North Isaiahside, CO 89405",N,miles
75,Theresa Harris,898-18-5261,"699 Lisa Place
Lake Frank, TX 74473",Y,miles
76,Susan Brown,093-36-5783,"528 Jarvis Shoal Apt. 409
Aarontown, SC 34648",Y,miles
77,Craig Rhodes,896-77-5669,"091 Christopher Port
North Jesus, WA 63343",N,hours
78,Patricia Taylor,820-58-5946,"196 Brittany Flats
Jimenezville, CA 88364",Y,miles
79,Sheila Harrison,809-59-0712,"USNV Francis
FPO AE 55254",Y,miles
80,Paul Smith,103-18-4522,"267 Hughes Fields Apt. 163
Brighthaven, MN 50634",N,hours
81,Susan Warren,231-48-9496,"84885 Perry Common Apt. 043
East Shannonberg, OH 14537",N,miles
82,Holly Romero,139-13-3607,"6190 Hawkins Turnpike Suite 775
North Jessica, OK 79989",Y,miles
83,Maureen Murphy,853-49-9200,"4958 Petersen Lodge
Lake Robert, AS 94246",Y,miles
84,Joseph Meyer,236-72-8699,"2330 Smith Orchard
Jessicamouth, VA 09528",Y,miles
85,Dr. Kathleen Santiago DVM,072-99-7229,"4022 Timothy Rapids Apt. 723
Duranmouth, MS 83333",Y,hours
86,Susan Arellano,656-06-4562,"63591 Walker Ford Apt. 787
Alexanderbury, WY 43767",N,hours
87,Margaret Ortiz,564-01-2165,"102 Ryan Village
Michaelshire, VA 20180",Y,miles
88,Justin Webb,083-47-3439,"4861 Brandy Mall Apt. 847
Lake Amy, NY 88966",N,hours
89,Leah Turner,140-19-4782,"02049 Browning Shores Suite 435
New Rebekah, CO 10049",N,miles
90,John Williams,173-71-9411,"856 Ashley Extension Apt. 138
Carolynview, GU 06711",N,miles
91,Laura Trujillo,842-17-2685,"PSC 8310, Box 9331
APO AP 81139",N,miles
92,Joshua Marks,774-21-9628,"8786 Michael Turnpike Suite 131
Allisonville, VI 64614",Y,hours
93,Alicia Hicks,357-46-5212,"836 Elizabeth Hills Apt. 980
Christophermouth, FL 38697",N,hours
94,Dustin Hernandez,648-85-2855,"86526 Sarah Spring Apt. 403
New Stephenmouth, GA 61112",N,hours
95,Latoya Gonzales,258-06-3456,"12130 Jonathan Greens Apt. 845
Port Brandonstad, OR 73623",N,miles
96,Margaret Dyer,689-97-7403,"0078 Hannah Gateway
South Cory, CA 33067",Y,miles
97,Justin Williams,678-13-7606,"3793 Elizabeth Meadow Apt. 808
Lauriefurt, CO 42345",Y,hours
98,Katherine Wilson,890-24-8560,"036 David Rapids Apt. 804
New Gerald, HI 02879",N,hours
99,Katherine Medina,385-89-6011,"3077 Jeremy Terrace
Garciashire, MH 17400",Y,miles
100,Patricia Long,467-57-4724,"968 Anderson Brook
East Paulaburgh, UT 54296",Y,miles
101,John Allen,833-77-9525,"36917 Fowler Walk
New Jamesfort, VI 25216",Y,hours
102,Tabitha Wang,159-08-9069,"11652 Freeman Canyon
South Anthonyfurt, UT 77981",Y,miles
103,Susan Fields,171-55-6927,"780 Baldwin Landing
Lake Angel, FL 41333",Y,hours
104,Amanda Kim,042-64-8580,"8865 Tyler Tunnel Apt. 514
Dennischester, AS 24615",N,hours
105,Ashley Williams MD,314-91-5287,"1748 Elizabeth Village Apt. 966
West Aaronshire, CT 77464",Y,hours
106,Natalie Edwards,615-50-5017,"92980 Glover Point
Dawnview, FL 43038",Y,miles
107,Julie White,781-32-3615,"PSC 5248, Box 4837
APO AE 38065",N,hours
108,Theresa Esparza,169-23-3308,"681 Rogers Fort Suite 199
Laurenview, OH 40088",N,hours
109,Kara Nicholson,703-91-6266,"0390 Lopez Roads Apt. 490
Davidton, AK 59840",N,hours
